id,lon,lat,count,country
CWSL,-119.291,50.703,4042,CAN
CXDI,-80.545,42.864,4042,CAN
CWSS,-67.253,45.21,4042,CAN
CXDW,-98.319,49.4,4042,CAN
CWSR,-107.553,53.368,4042,CAN
CXEA,-93.221,50.631,4042,CAN
CXEC,-113.517,53.573,4042,CAN
CWSP,-123.921,48.377,4042,CAN
CWST,-70.03,47.354,4042,CAN
WBKS,118.059,5.901,4042,MYS
CYCK,-82.085,42.307,4042,CAN
CYOW,-75.66,45.307,4042,CAN
CYPA,-105.679,53.217,4042,CAN
CYPD,-61.374,45.657,4042,CAN
WSSL,103.866,1.417,4042,SGP
CXDB,-112.808,49.048,4042,CAN
CWTA,-73.579,45.506,4042,CAN
CXHR,-112.503,51.191,4042,CAN
CXHA,-82.896,42.033,4042,CAN
CXHM,-79.905,43.286,4042,CAN
WSSS,103.982,1.368,4042,SGP
CXIB,-60.406,46.663,4042,CAN
CXCS,-110.708,51.942,4042,CAN
CXGH,-96.984,50.631,4042,CAN
WBKT,116.837,6.922,4042,MYS
CWSK,-123.161,49.783,4042,CAN
CWKG,-65.203,44.432,4042,CAN
CYNA,-61.789,50.19,4042,CAN
VTBD,100.607,13.913,4042,THA
CWJX,-109.501,50.876,4042,CAN
CYNE,-97.845,53.958,4042,CAN
CYNM,-77.793,49.759,4042,CAN
CWJI,-105.946,49.729,4042,CAN
CYQT,-89.33,48.374,4042,CAN
CYQV,-102.461,51.26,4042,CAN
CWIK,-102.567,50.366,4042,CAN
VTBS,100.767,13.686,4042,THA
CYMT,-74.527,49.779,4042,CAN
CYPL,-90.218,51.449,4042,CAN
CWJT,-74.556,46.08,4042,CAN
CYOD,-110.287,54.41,4042,CAN
CWJW,-118.03,52.926,4042,CAN
CYMH,-55.833,52.304,4042,CAN
CWRY,-112.051,49.133,4042,CAN
CXTP,-53.975,48.557,4042,CAN
WMKC,102.293,6.167,4042,MYS
CXZV,-66.26,50.217,4042,CAN
CYAM,-84.504,46.484,4042,CAN
WMKA,100.398,6.19,4042,MYS
CWPD,-71.229,47.562,4042,CAN
CXKE,-75.637,45.005,4042,CAN
CWRT,-114.482,49.628,4042,CAN
CXKA,-82.443,49.405,4042,CAN
CYBW,-114.382,51.108,4042,CAN
CWOC,-65.332,48.012,4042,CAN
CWNZ,-84.164,49.747,4042,CAN
CYBR,-99.945,49.91,4042,CAN
CYBU,-104.005,53.333,4042,CAN
CWNP,-117.817,50.269,4042,CAN
CWPR,-120.514,49.468,4042,CAN
WBKW,118.119,4.316,4042,MYS
CYBC,-68.202,49.135,4042,CAN
LIRF,12.239,41.8,4042,ITA
CYAY,-56.081,51.39,4042,CAN
CWVP,-109.514,49.64,4042,CAN
CWZG,-115.552,51.194,4042,CAN
LIRA,12.585,41.808,4042,ITA
CWZA,-121.759,49.244,4042,CAN
CXCA,-88.344,49.154,4042,CAN
CWSF,-65.325,49.251,4042,CAN
CWSD,-63.837,46.441,4042,CAN
CXBA,-110.101,52.124,4042,CAN
CXBK,-104.71,50.201,4042,CAN
CWVN,-107.586,49.058,4042,CAN
WMSA,101.552,3.13,4042,MYS
CXAF,-112.971,54.278,4042,CAN
WMKK,101.714,2.747,4042,MYS
WMKP,100.277,5.297,4042,MYS
KNUI,-76.432,38.152,4042,USA
CYHZ,-63.5136,44.8781,4042,CAN
CYIN,-121.681,51.265,4042,CAN
LEMI,-1.125,37.803,4042,ESP
EGXC,-0.173,53.094,4042,GBR
EEEI,24.209,59.26,4042,EST
KHIF,-111.962,41.111,4042,USA
LSZC,8.392,46.972,4042,CHE
LFPG,2.534,49.015,4042,FRA
LFPB,2.428,48.967,4042,FRA
LFOZ,2.163,47.897,4042,FRA
CYHD,-92.74,49.83,4042,CAN
VTUU,104.87,15.251,4042,THA
VTUK,102.786,16.462,4042,THA
VTSS,100.393,6.933,4042,THA
CYLH,-87.936,52.196,4042,CAN
VTSP,98.308,8.105,4042,THA
CYKP,-85.901,51.659,4042,CAN
VVVD,107.414,21.118,4042,VNM
VVTS,106.667,10.817,4042,VNM
LSZG,7.415,47.179,4042,CHE
LFOK,4.165,48.777,4042,FRA
K3U3,-112.868,46.1516,4042,USA
KNXP,-116.147,34.294,4042,USA
LFMT,3.963,43.577,4042,FRA
LFOV,-0.746,48.031,4042,FRA
KOQT,-84.2336,36.023,4042,USA
LFOT,0.728,47.444,4042,FRA
LFQQ,3.089,50.562,4042,FRA
LRTM,24.421,46.468,4042,ROU
LRTR,21.333,45.811,4042,ROU
KP60,-110.422,44.5448,4042,USA
CYIV,-94.655,53.857,4042,CAN
CYQI,-66.088,43.831,4042,CAN
CYQK,-94.361,49.791,4042,CAN
CYQM,-64.682,46.107,4042,CAN
VTCT,99.881,19.961,4042,THA
VTSG,98.986,8.099,4042,THA
CYQX,-54.576,48.946,4042,CAN
CYQZ,-122.506,53.027,4042,CAN
VTCC,98.963,18.771,4042,THA
CYQD,-101.089,53.975,4042,CAN
CWJD,-99.268,53.187,4042,CAN
WBGB,113.025,3.12,4042,MYS
WBGG,110.34,1.484,4042,MYS
WAAA,119.554,-5.062,4042,IDN
VVNB,105.805,21.218,4042,VNM
CYJT,-58.564,48.545,4042,CAN
VVDN,108.199,16.044,4042,VNM
VVCT,105.712,10.085,4042,VNM
CYFC,-66.539,45.873,4042,CAN
WAJJ,140.514,-2.573,4042,IDN
WATT,123.671,-10.172,4042,IDN
KSNT,-114.927,44.1708,4042,USA
WBGY,111.466,1.222,4042,MYS
WBGS,111.983,2.264,4042,MYS
WBGR,113.987,4.322,4042,MYS
CWOD,-72.546,48.842,4042,CAN
CYBG,-70.989,48.331,4042,CAN
CYYT,-52.748,47.627,4042,CAN
VDPP,104.844,11.547,4042,KHM
CYXL,-91.905,50.114,4042,CAN
CYXR,-79.852,47.698,4042,CAN
CYYB,-79.423,46.365,4042,CAN
CYXT,-128.577,54.471,4042,CAN
UMMS,28.031,53.883,4042,BLR
CBBC,-128.154,52.181,4042,CAN
EDAH,14.152,53.879,4042,DEU
EBAW,4.46,51.189,4042,BEL
WMKN,103.103,5.383,4042,MYS
EBOS,2.862,51.199,4042,BEL
CYUY,-78.83,48.209,4042,CAN
CZSJ,-93.344,53.063,4042,CAN
CZPC,-114.005,49.522,4042,CAN
CWGH,-75.847,44.417,4042,USA
CYZE,-82.57,45.885,4042,CAN
CYTR,-77.531,44.115,4042,CAN
CYVO,-77.779,48.056,4042,CAN
CWCF,-97.022,52.36,4042,CAN
CWCJ,-86.295,48.588,4042,CAN
LIPX,10.872,45.387,4042,ITA
LIPY,13.36,43.617,4042,ITA
LIML,9.263,45.461,4042,ITA
LIPQ,13.472,45.828,4042,ITA
LIRZ,12.51,43.097,4042,ITA
CWPZ,-125.959,54.383,4042,CAN
CXKI,-80.0,48.15,4042,CAN
WMKE,103.427,4.537,4042,MYS
CXRH,-57.878,49.57,4042,CAN
CXRL,-111.691,54.503,4042,CAN
LIRQ,11.205,43.81,4042,ITA
EDDC,13.7543,51.128,4042,DEU
EDDE,10.961,50.983,4042,DEU
EDDF,8.598,50.045,4042,DEU
EDDG,7.697,52.135,4042,DEU
EDDH,9.988,53.633,4042,DEU
EDDL,6.769,51.296,4042,DEU
EDDM,11.813,48.348,4042,DEU
EDDR,7.108,49.213,4042,DEU
EDDV,9.68,52.466,4042,DEU
DAAG,3.215,36.691,4042,DZA
DABB,7.809,36.822,4042,DZA
DAON,-1.457,35.013,4042,DZA
DAOO,-0.624,35.623,4042,DZA
LIPH,12.194,45.648,4042,ITA
LIPE,11.297,44.531,4042,ITA
LIMZ,7.623,44.547,4042,ITA
K1V4,-72.019,44.42,4042,USA
KNYG,-77.301,38.503,4042,USA
UGSB,41.6,41.61,4042,GEO
EFKE,24.579,65.784,4042,FIN
EGKK,-0.19,51.148,4042,GBR
EGQK,-3.563,57.646,4042,GBR
EGQL,-2.862,56.377,4042,GBR
EGQM,-1.601,55.421,4042,GBR
EGQS,-3.324,57.711,4042,GBR
EGSS,0.223,51.881,4042,GBR
EGSY,-3.434,51.406,4042,GBR
EGPU,-6.872,56.499,4042,GBR
EFMI,27.201,61.687,4042,FIN
EFMA,19.903,60.125,4042,FIN
EFLP,28.151,61.044,4042,FIN
EFHK,24.957,60.327,4042,FIN
EFRO,25.829,66.562,4042,FIN
EFOU,25.355,64.93,4042,FIN
EEPU,24.473,58.419,4042,EST
EFET,23.424,68.363,4042,FIN
EFHA,24.805,61.855,4042,FIN
EFIV,27.405,68.607,4042,FIN
EFKU,27.799,63.008,4042,FIN
EFPO,21.8,61.462,4042,FIN
EFKI,27.673,64.283,4042,FIN
EFKK,23.143,63.721,4042,FIN
EFKT,24.847,67.701,4042,FIN
ROIG,124.245,24.395,4042,JPN
EGPD,-2.205,57.205,4042,GBR
EGPF,-4.433,55.867,4042,GBR
LGRP,28.086,36.405,4042,GRC
ENVA,10.931,63.46,4042,NOR
ROAH,127.646,26.196,4042,JPN
EGPA,-2.905,58.958,4042,GBR
LOWL,14.188,48.233,4042,AUT
RKSS,126.791,37.558,4042,KOR
RKNY,128.669,38.061,4042,KOR
LHSM,17.161,46.689,4042,HUN
RKJB,126.383,34.991,4042,KOR
EGOV,-4.536,53.252,4042,GBR
UBBN,45.458,39.189,4042,AZE
EGPO,-6.329,58.215,4042,GBR
EGPL,-7.364,57.475,4042,GBR
UBBG,46.318,40.738,4042,AZE
EGNS,-4.632,54.085,4042,IMY
LHPP,18.241,45.991,4042,HUN
UDSG,43.859,40.75,4042,ARM
ENNA,24.971,70.059,4042,NOR
ENNM,11.57,64.471,4042,NOR
ENOV,6.078,62.18,4042,NOR
ENRA,14.302,66.364,4042,NOR
ENSD,6.104,61.829,4042,NOR
ENSH,14.669,68.245,4042,NOR
ENSK,15.029,68.58,4042,NOR
ENSR,20.955,69.789,4042,NOR
ENRY,10.783,59.381,4042,NOR
ENMH,27.829,71.029,4042,NOR
EHAM,4.79,52.315,4042,NLD
EKRS,11.807,55.426,4042,DNK
EKVD,9.329,55.436,4042,DNK
LJCE,15.523,45.899,4042,SVN
UGTB,44.955,41.669,4042,GEO
EFSI,22.83,62.693,4042,FIN
EFVA,21.762,63.051,4042,FIN
EGAA,-6.225,54.654,4042,GBR
UGKO,42.483,42.177,4042,GEO
LEPA,2.737,39.561,4042,ESP
EKYT,9.879,57.093,4042,DNK
ENBS,29.698,70.601,4042,NOR
ENBL,5.76,61.391,4042,NOR
ENCN,8.077,58.2,4042,NOR
ENDU,18.544,69.058,4042,NOR
ENEV,16.683,68.491,4042,NOR
ENGM,11.08,60.201,4042,NOR
ENHD,5.22,59.341,4042,NOR
ENHF,23.677,70.681,4042,NOR
ESMT,12.82,56.691,4042,SWE
EPKT,19.085,50.478,4042,POL
EPLB,22.714,51.239,4042,POL
EPLL,19.401,51.724,4042,POL
EPMO,20.642,52.452,4042,POL
EPRA,21.211,51.39,4042,POL
EPRZ,22.025,50.112,4042,POL
EPWR,16.8998,51.1032,4042,POL
ESCM,17.589,59.899,4042,SWE
ESGG,12.285,57.667,4042,SWE
EPPO,16.835,52.417,4042,POL
ESNZ,14.489,63.199,4042,SWE
ESOK,13.342,59.442,4042,SWE
EPKK,19.797,50.078,4042,POL
EPGD,18.466,54.379,4042,POL
ESNQ,20.34,67.823,4042,SWE
ESMX,14.73,56.927,4042,SWE
ESND,14.416,62.047,4042,SWE
ESNK,17.766,63.047,4042,SWE
ESNL,18.711,64.552,4042,SWE
ESNN,17.436,62.532,4042,SWE
ESNO,18.98,63.412,4042,SWE
SOCA,-52.365,4.822,4042,GUF
ESNV,16.839,64.579,4042,SWE
ESNG,20.81,67.133,4042,SWE
LKLN,13.275,49.675,4042,CZE
ESSD,15.515,60.422,4042,SWE
ESSL,15.681,58.406,4042,SWE
ESST,12.992,60.158,4042,SWE
LKCV,15.382,49.94,4042,CZE
LICC,15.064,37.467,4042,ITA
KSDB,-118.725,34.7433,4042,USA
LICR,15.654,38.072,4042,ITA
EVGA,24.854,56.778,4042,LVA
LKPD,15.74,50.016,4042,CZE
EVRA,23.968,56.924,4042,LVA
EVVA,21.545,57.361,4042,LVA
EYKA,24.069,54.962,4042,LTU
EYPA,21.092,55.973,4042,LTU
LLBG,34.887,32.011,4042,ISR
ESMQ,16.284,56.685,4042,SWE
ROMY,125.295,24.782,4042,JPN
LHSN,20.235,47.123,4042,HUN
LIBD,16.765,41.138,4042,ITA
RJOH,133.239,35.493,4042,JPN
RJOC,132.89,35.414,4042,JPN
KTCS,-107.268,33.2369,4042,USA
KDRA,-116.029,36.621,4042,USA
LHDC,21.615,47.489,4042,HUN
RJSM,141.372,40.705,4042,JPN
RJSF,140.428,37.227,4042,JPN
RJOO,135.439,34.784,4042,JPN
KRSP,-77.468,39.646,4042,USA
RCTP,121.233,25.078,4042,TWN
RJDC,131.279,33.93,4042,JPN
RJCK,144.193,43.041,4042,JPN
RJCH,140.822,41.77,4042,JPN
RJCC,141.693,42.774,4042,JPN
RJAH,140.415,36.182,4042,JPN
RJAA,140.386,35.765,4042,JPN
RCSS,121.552,25.069,4042,TWN
RJEC,142.447,43.671,4042,JPN
LIBR,17.951,40.658,4042,ITA
RJFF,130.452,33.584,4042,JPN
GCFV,-13.863,28.445,4042,ESP
LGSA,24.141,35.54,4042,GRC
GCLA,-17.755,28.633,4042,ESP
GCLP,-15.389,27.923,4042,ESP
GCRR,-13.6,28.952,4042,ESP
KTCM,-122.475,47.149,4042,USA
RCKH,120.35,22.577,4042,TWN
RJNK,136.407,36.394,4042,JPN
RJKA,129.713,28.431,4042,JPN
LRBC,26.91,46.522,4042,ROU
LRBS,26.078,44.511,4042,ROU
LFSD,5.09,47.269,4042,FRA
LRCK,28.488,44.362,4042,ROU
LRIA,27.627,47.164,4042,ROU
LFRZ,-2.163,47.312,4042,FRA
LFRV,-2.727,47.722,4042,FRA
LFRQ,-4.168,47.975,4042,FRA
KGRF,-122.58,47.079,4042,USA
LFRN,-1.734,48.069,4042,FRA
LFRL,-4.439,48.279,4042,FRA
LFRH,-3.44,47.761,4042,FRA
KCQT,-118.291,34.024,4042,USA
LFRJ,-4.138,48.527,4042,FRA
K4U6,-105.562,47.419,4042,USA
LEZL,-5.893,37.418,4042,ESP
LDDU,18.269,42.56,4042,HRV
LFBC,-1.125,44.533,4042,FRA
LTCI,43.337,38.469,4042,TUR
LEZG,-1.004,41.661,4042,ESP
LEBR,-1.43,42.2,4042,ESP
KJMS,-98.6704,46.9259,4042,USA
LFBA,0.593,44.176,4042,FRA
LTCN,36.953,37.539,4042,TUR
LTCS,38.904,37.445,4042,TUR
LTCV,42.06,37.365,4042,TUR
LEAB,-1.863,38.952,4042,ESP
LEAS,-6.044,43.567,4042,ESP
LEBA,-4.849,37.842,4042,ESP
LEBG,-3.622,42.356,4042,ESP
LEBL,2.07,41.293,4042,ESP
LEXJ,-3.831,43.429,4042,ESP
LEVX,-8.624,42.239,4042,ESP
LEVS,-3.785,40.371,4042,ESP
LTFC,30.368,37.855,4042,TUR
LEVD,-4.852,41.706,4042,ESP
LDZD,15.347,44.108,4042,HRV
LTAP,35.52,40.826,4042,TUR
LTAC,32.995,40.128,4042,TUR
LTAF,35.293,36.989,4042,TUR
LTAG,35.426,37.002,4042,TUR
LTAI,30.798,36.9,4042,TUR
LFMY,5.108,43.604,4042,FRA
K38S,-112.769,46.389,4042,USA
KHRF,-114.127,46.2575,4042,USA
LRTC,28.716,45.065,4042,ROU
LQSA,18.331,43.825,4042,BIH
KNJK,-115.668,32.823,4042,USA
LFMP,2.873,42.737,4042,FRA
KNKX,-117.137,32.865,4042,USA
KNKT,-76.881,34.897,4042,USA
LTAR,36.894,39.798,4042,TUR
LPPT,-9.136,38.781,4042,PRT
LPFR,-7.966,37.014,4042,PRT
LGIR,25.173,35.337,4042,GRC
LPPR,-8.684,41.235,4042,PRT
KREO,-117.865,42.5902,4042,USA
KGNA,-90.346,47.745,4042,USA
LQMO,17.84,43.285,4042,BIH
LFTH,6.146,43.094,4042,FRA
KNBC,-80.722,32.477,4042,USA
LBBG,27.514,42.569,4042,BGR
LTCD,39.527,39.71,4042,TUR
LBPD,24.86,42.064,4042,BGR
LBSF,23.414,42.694,4042,BGR
LCLK,33.617,34.874,4042,CYP
LTBH,26.425,40.14,4042,TUR
LTBJ,27.155,38.285,4042,TUR
LFGJ,5.427,47.044,4042,FRA
KJDN,-106.949,47.3259,4042,USA
LTCC,40.201,37.894,4042,TUR
LTBY,30.519,39.81,4042,TUR
LTCA,39.291,38.607,4042,TUR
LTCB,38.081,40.967,4042,TUR
LTBR,29.562,40.255,4042,TUR
EIME,-6.442,53.306,4042,IRL
LIEO,9.518,40.899,4042,ITA
EKEB,8.563,55.528,4042,DNK
EIDW,-6.298,53.422,4042,IRL
LTBU,27.919,41.139,4042,TUR
KDMH,-76.611,39.281,4042,USA
KN60,-101.436,47.654,4042,USA
LEVC,-0.482,39.489,4042,ESP
LERT,-6.349,36.645,4042,ESP
LCPH,32.479,34.715,4042,CYP
LZKZ,21.24,48.661,4042,SVK
LEIB,1.384,38.876,4042,ESP
KBAN,-119.522,38.355,4042,USA
LYNI,21.863,43.338,4042,SRB
LEMH,4.216,39.855,4042,ESP
LFKJ,8.803,41.924,4042,FRA
LFKF,9.098,41.501,4042,FRA
KNFL,-118.705,39.417,4042,USA
KNBT,-76.463,35.022,4042,USA
KLLJ,-114.216,44.523,4042,USA
K8D3,-96.9918,45.669,4042,USA
LGAV,23.945,37.936,4041,GRC
KLPR,-82.1788,41.3463,4041,USA
CYTS,-81.378,48.568,4040,CAN
DABC,6.629,36.278,4039,DZA
KNZY,-117.21,32.6922,4038,USA
LGKR,19.913,39.61,4035,GRC
KLSV,-115.034,36.236,4035,USA
KSHM,-104.52,38.8,4035,USA
KDMA,-110.887,32.165,4035,USA
KABH,-104.299,38.7587,4035,USA
KHMN,-106.108,32.852,4035,USA
KVBG,-120.583,34.733,4032,USA
LGAD,21.287,37.923,4031,GRC
LGTS,22.971,40.52,4031,GRC
K4MR,-103.791,34.29,4030,USA
WIEE,100.283,-0.783,4030,IDN
ESUP,23.069,67.246,4030,SWE
ENBR,5.222,60.29,4029,NOR
VVPB,107.699,16.399,4029,VNM
KGXF,-112.721,32.885,4028,USA
KNYL,-114.608,32.66,4028,USA
K6S8,-108.761,45.703,4027,USA
KLUF,-112.38,33.538,4026,USA
LIEA,8.289,40.631,4026,ITA
ENRO,11.342,62.578,4025,NOR
RCNN,120.206,22.95,4023,TWN
K1OW,-103.999,40.885,4023,USA
VVPQ,103.995,10.169,4022,VNM
KVPZ,-86.998,41.4535,4019,USA
KALK,-110.428,31.606,4018,USA
K12N,-74.7363,41.0093,4018,USA
LGLM,25.236,39.917,4017,GRC
WIMM,98.874,3.636,4017,IDN
KBIH,-118.359,37.3711,4017,USA
LICT,12.488,37.911,4013,ITA
K1KM,-109.801,46.444,4013,USA
WADL,116.277,-8.757,4011,IDN
K1NW,-103.836,40.632,4010,USA
KNIP,-81.6746,30.2346,4009,USA
VDSA,104.225,13.371,4009,KHM
VVCI,106.727,20.823,4008,VNM
KCVS,-103.322,34.381,4008,USA
CWXC,-71.032,48.894,4008,CAN
KP69,-115.597,46.144,4007,USA
KMWN,-71.304,44.271,4004,USA
WIOO,109.404,-0.151,4003,IDN
KMHS,-122.317,41.3149,3999,USA
KSUU,-121.938,38.25,3997,USA
LIBN,18.138,40.238,3996,ITA
DAAV,5.877,36.795,3990,DZA
RODN,127.768,26.356,3990,JPN
RPMD,125.646,7.125,3989,PHL
K2WX,-103.547,45.6043,3989,USA
CXMY,-62.484,44.984,3985,CAN
KBYS,-116.634,35.271,3985,USA
RPLC,120.56,15.186,3980,PHL
RKPK,128.938,35.179,3979,KOR
TAPA,-61.797,17.135,3975,ATG
KNBG,-90.024,29.837,3975,USA
KP92,-91.525,29.559,3970,USA
TTPP,-61.348,10.593,3969,TTO
DABT,6.309,35.752,3968,DZA
LICZ,14.919,37.406,3968,ITA
K35A,-81.6421,34.6849,3966,USA
KCPF,-83.2593,37.3869,3966,USA
KARW,-80.6335,32.4104,3966,USA
KTVY,-112.354,40.6127,3966,USA
KMBY,-92.4244,39.464,3966,USA
KMAO,-79.3341,34.1852,3966,USA
KMAW,-89.9865,36.5945,3966,USA
K0E0,-105.996,34.9837,3966,USA
KVJI,-82.037,36.6871,3966,USA
KOMH,-78.0454,38.2487,3966,USA
KRAW,-93.3436,38.3484,3966,USA
KMNI,-80.2059,33.5882,3966,USA
KUXL,-93.3767,30.135,3966,USA
K0V4,-79.0171,37.1399,3966,USA
KOKV,-78.1391,39.1406,3966,USA
KJHN,-101.73,37.5782,3966,USA
KCFJ,-86.9148,39.9767,3966,USA
KFDW,-81.1119,34.3151,3966,USA
K3R7,-92.6759,30.2426,3965,USA
KFRH,-86.6442,38.5034,3965,USA
KWLD,-97.035,37.1649,3964,USA
WIPP,104.7,-2.898,3963,IDN
KATY,-97.1496,44.9045,3962,USA
KAUG,-69.797,44.3161,3962,USA
KAUS,-97.6806,30.2099,3962,USA
KCRG,-81.5128,30.3371,3962,USA
KCNU,-95.4846,37.6705,3962,USA
KAZO,-85.546,42.2283,3962,USA
KCPR,-106.474,42.8978,3962,USA
KAXN,-95.394,45.868,3962,USA
KBTR,-91.1468,30.5378,3962,USA
KCRP,-97.513,27.7733,3962,USA
KAGC,-79.9215,40.3551,3962,USA
KOCF,-82.221,29.1636,3962,USA
KHSV,-86.7861,34.6441,3962,USA
KHTL,-84.6739,44.359,3962,USA
KBRD,-94.1273,46.4021,3962,USA
KCXO,-95.4176,30.3611,3962,USA
KCUT,-103.615,43.7331,3962,USA
KCRS,-96.3994,32.0316,3962,USA
KDMN,-107.721,32.2592,3962,USA
KDEW,-117.429,47.9742,3962,USA
KDEQ,-94.4016,34.048,3962,USA
KDDC,-99.9692,37.7711,3962,USA
KDCU,-86.9434,34.658,3962,USA
KDBQ,-90.7092,42.3984,3962,USA
KAST,-123.883,46.157,3962,USA
KCSG,-84.9422,32.5163,3962,USA
KCSM,-99.2041,35.3568,3962,USA
KODO,-102.387,31.925,3962,USA
KDAB,-81.0719,29.1735,3962,USA
KDHN,-85.4432,31.3177,3962,USA
KHSI,-98.4264,40.6002,3962,USA
KHRI,-119.261,45.8259,3962,USA
KHWO,-80.2412,25.9996,3962,USA
KPBI,-80.0992,26.6851,3962,USA
KPBG,-73.4631,44.6392,3962,USA
KPBF,-91.9344,34.1798,3962,USA
KUGN,-87.8634,42.4255,3962,USA
KPAH,-88.7793,37.0652,3962,USA
KHEI,-102.652,46.0108,3962,USA
KOMA,-95.9018,41.3119,3962,USA
KMTJ,-107.898,38.5054,3962,USA
KHOT,-93.1041,34.4755,3962,USA
KHUT,-97.8607,38.0682,3962,USA
KHVN,-72.8891,41.259,3962,USA
KHBR,-99.0528,34.9891,3962,USA
KUNO,-91.9052,36.8791,3962,USA
KHBG,-89.2561,31.2648,3962,USA
KPIL,-97.3378,26.1597,3962,USA
KPIH,-112.572,42.9197,3962,USA
KPHX,-112.004,33.4278,3962,USA
KGZH,-87.0484,31.4191,3962,USA
KPGD,-81.9939,26.9185,3962,USA
KVRB,-80.4142,27.6553,3962,USA
KVTN,-100.551,42.8585,3962,USA
KODX,-98.9489,41.6234,3962,USA
KVEL,-109.513,40.4429,3962,USA
KHOU,-95.2821,29.6458,3962,USA
KVCT,-96.9301,28.8624,3962,USA
KOKC,-97.6003,35.3843,3962,USA
KHRL,-97.6556,26.2303,3962,USA
KHUF,-87.3221,39.4429,3962,USA
KIDA,-112.068,43.5204,3962,USA
KHYR,-91.4426,46.0303,3962,USA
KMYV,-121.569,39.102,3962,USA
KMTO,-88.2724,39.4744,3962,USA
KMVY,-70.6159,41.393,3962,USA
KIAH,-95.3607,29.9844,3962,USA
KICR,-99.8462,43.391,3962,USA
KDVP,-95.781,43.9906,3962,USA
KALS,-105.862,37.4393,3962,USA
KDVN,-90.5948,41.6133,3962,USA
KDTO,-97.1992,33.2088,3962,USA
KAMW,-93.6185,41.9905,3962,USA
KAAF,-85.0248,29.7268,3962,USA
KEEO,-107.888,40.0444,3962,USA
KDRT,-100.927,29.3784,3962,USA
KACK,-70.0589,41.2541,3962,USA
KELD,-92.814,33.2207,3962,USA
KELY,-114.847,39.2954,3962,USA
KAIA,-102.802,42.0573,3962,USA
KAPF,-81.7751,26.155,3962,USA
KENW,-87.9383,42.5953,3962,USA
KCCR,-122.053,37.9916,3962,USA
KBNO,-118.958,43.5949,3962,USA
KCNM,-104.258,32.3335,3962,USA
KBYG,-106.719,44.3812,3962,USA
KBIS,-100.757,46.7823,3962,USA
KCOT,-99.2228,28.4585,3962,USA
KCAG,-107.524,40.493,3962,USA
KCAK,-81.4434,40.9181,3962,USA
KBPK,-92.4719,36.3705,3962,USA
KCEZ,-108.626,37.3071,3962,USA
KBPI,-110.11,42.578,3962,USA
KCIU,-84.4773,46.2531,3962,USA
KBGR,-68.8195,44.7979,3962,USA
KCMX,-88.4854,47.1705,3962,USA
KCDC,-113.097,37.7067,3962,USA
KBCE,-112.149,37.7013,3962,USA
KBBW,-99.6385,41.4365,3962,USA
KSMX,-120.452,34.894,3962,USA
KFCM,-93.4705,44.8321,3962,USA
KSHN,-123.142,47.2384,3962,USA
KFMN,-108.229,36.7435,3962,USA
KTCL,-87.6155,33.2122,3962,USA
KGLD,-101.693,39.3673,3962,USA
KRBG,-123.358,43.2337,3962,USA
KRHI,-89.4822,45.6315,3962,USA
KPUC,-110.755,39.6089,3962,USA
KGUP,-108.793,35.5086,3962,USA
KFPR,-80.3763,27.4981,3962,USA
KLMT,-121.726,42.147,3962,USA
KLOL,-118.57,40.0685,3962,USA
KLKV,-120.403,42.1538,3962,USA
KHKA,-89.8332,35.9378,3962,USA
KOVS,-90.6775,43.1561,3962,USA
KMHE,-98.0384,43.7743,3962,USA
WABB,136.108,-1.19,3957,IDN
OLBA,35.491,33.82,3956,LBN
KA39,-111.922,32.9875,3956,USA
ENZV,5.637,58.884,3954,NOR
KE41,-101.473,31.1945,3953,USA
KD09,-100.417,48.83,3953,USA
KCOM,-99.4058,31.8415,3953,USA
KDRM,-83.743,46.009,3953,USA
KFOT,-124.134,40.5529,3953,USA
KPRS,-104.358,29.6346,3953,USA
K77S,-123.006,43.9324,3953,USA
K10U,-116.182,41.953,3953,USA
KTYL,-110.112,34.4577,3953,USA
KT89,-103.691,29.2774,3953,USA
DAUB,5.738,34.793,3952,DZA
UGMS,42.75,43.055,3944,GEO
UMIO,30.297,54.44,3944,BLR
LGBL,22.794,39.22,3938,GRC
WAOO,114.759,-3.44,3938,IDN
MSLP,-89.056,13.438,3935,SLV
KUKI,-123.2,39.1278,3933,USA
PGSN,145.72,15.116,3933,MNP
MYNN,-77.467,25.04,3930,BHS
DAOB,1.476,35.345,3926,DZA
RPLL,121.004,14.507,3925,PHL
UMGG,31.015,52.525,3922,BLR
MMMD,-89.659,20.936,3921,MEX
MMUN,-86.855,21.038,3921,MEX
LMML,14.477,35.858,3917,MLT
DABS,8.121,35.432,3910,DZA
DAOV,0.147,35.208,3903,DZA
MMMX,-99.072,19.436,3895,MEX
WARR,112.787,-7.38,3892,IDN
MMAA,-99.754,16.758,3859,MEX
KAPY,-99.249,26.969,3858,USA
WIBB,101.445,0.461,3848,IDN
MMMZ,-106.271,23.161,3847,MEX
MMSM,-99.002,19.763,3838,MEX
WIII,106.659,-6.125,3836,IDN
ESSV,18.348,57.662,3817,SWE
HECA,31.405,30.133,3813,EGY
MMSP,-100.93,22.256,3807,MEX
DAOI,1.332,36.213,3802,DZA
MMHO,-111.051,29.097,3787,MEX
TNCA,-70.015,12.501,3752,ABW
MDPC,-68.356,18.566,3750,DOM
MMMY,-100.104,25.774,3741,MEX
OJAM,35.992,31.973,3727,JOR
ESDF,15.267,56.266,3726,SWE
LPMR,-8.887,39.831,3695,PRT
MMGL,-103.312,20.523,3676,MEX
YPPH,115.976,-31.927,3645,AUS
WBSB,114.928,4.944,3639,BRN
YPAD,138.52,-34.952,3611,AUS
OJAQ,35.018,29.612,3574,JOR
RPLI,120.532,18.178,3526,PHL
EDXW,8.341,54.913,3487,DEU
OSDI,36.516,33.411,3432,SYR
LGSM,26.912,37.69,3405,GRC
LGHI,26.141,38.343,3381,GRC
MMAS,-102.318,21.702,3358,MEX
HEPS,32.238,31.279,3348,EGY
YBSU,153.091,-26.603,3191,AUS
VTSM,100.062,9.548,3176,THA
VTSB,99.152,9.133,3176,THA
WILL,105.179,-5.242,3170,IDN
MMTL,-87.6622,20.1725,3153,MEX
WAMM,124.926,1.541,3090,IDN
VTUQ,102.313,14.95,3010,THA
MMPR,-105.25,20.68,2989,MEX
MMTG,-93.03,16.571,2975,MEX
MYEM,-76.331,25.285,2960,BHS
MMVR,-96.189,19.144,2947,MEX
MMCP,-90.502,19.817,2868,MEX
RJFK,130.719,31.803,2845,JPN
VTCN,100.787,18.807,2841,THA
MDST,-70.614,19.407,2833,DOM
LLER,35.012,29.722,2818,ISR
CYZU,-115.785,54.142,2800,CAN
VTPP,100.274,16.792,2791,THA
RJFT,130.855,32.837,2790,JPN
MMSD,-109.72,23.157,2780,MEX
RJNT,137.187,36.641,2776,JPN
MMTP,-92.371,14.795,2760,MEX
RPMZ,122.063,6.92,2742,PHL
RJSA,140.689,40.733,2728,JPN
MMLP,-110.364,24.077,2726,MEX
MMTC,-103.408,25.564,2724,MEX
VTUL,101.725,17.445,2672,THA
MMVA,-92.817,17.998,2643,MEX
TKPK,-62.72,17.312,2591,KNA
RJNS,138.189,34.796,2590,JPN
MMCE,-91.8,18.651,2578,MEX
RPVD,123.297,9.334,2566,PHL
LGKP,27.146,35.421,2555,GRC
MMCL,-107.476,24.766,2540,MEX
MMCZ,-86.932,20.516,2535,MEX
YBRK,150.477,-23.375,2511,AUS
YBCS,145.745,-16.874,2505,AUS
YMML,144.832,-37.666,2500,AUS
MDJB,-69.984,18.577,2492,DOM
VTPM,98.542,16.703,2486,THA
VTCH,97.972,19.302,2486,THA
MMCU,-105.965,28.701,2484,MEX
VTSR,98.587,9.773,2483,THA
MMOX,-96.724,17.002,2477,MEX
MDLR,-68.921,18.451,2476,DOM
MMMT,-94.583,18.098,2442,MEX
MMCV,-98.959,23.706,2425,MEX
YBTL,146.766,-19.248,2386,AUS
RJCM,144.164,43.881,2385,JPN
MMEP,-104.842,21.418,2374,MEX
MMLM,-109.085,25.688,2368,MEX
TQPF,-63.055,18.205,2360,AIA
LPCS,-9.355,38.725,2357,PRT
YGLA,151.221,-23.87,2349,AUS
MMDO,-104.532,24.124,2329,MEX
MZBZ,-88.309,17.538,2329,BLZ
YBCG,153.505,-28.168,2324,AUS
MMZH,-101.464,17.605,2297,MEX
LGZA,20.884,37.751,2254,GRC
DAAD,4.206,35.333,2235,DZA
RJSI,141.135,39.429,2209,JPN
VLLB,102.161,19.897,2200,LAO
RJBD,135.364,33.662,2200,JPN
MMPB,-98.371,19.17,2184,MEX
MMCN,-109.837,27.395,2169,MEX
RJFE,128.833,32.666,2165,JPN
YBAS,133.889,-23.795,2150,AUS
VLPS,105.781,15.132,2145,LAO
UMMG,24.056,53.602,2142,BLR
YBMA,139.488,-20.678,2140,AUS
LGKF,20.5,38.12,2110,GRC
YPKU,128.71,-15.781,2107,AUS
CYCP,-119.29,52.129,2100,CAN
CYBD,-126.589,52.388,2100,CAN
CYLJ,-108.519,54.126,2086,CAN
MMSL,-109.936,22.948,2085,MEX
YBBN,153.13,-27.391,2084,AUS
YAMB,152.711,-27.63,2069,AUS
MMPN,-102.041,19.396,2051,MEX
PGWT,145.624,14.997,2051,MNP
MMPQ,-92.017,17.534,2051,MEX
WAYY,136.887,-4.528,1989,IDN
VQPR,89.425,27.403,1930,BTN
EIKY,-9.538,52.18,1901,IRL
RJCW,141.802,45.404,1895,JPN
MMGM,-110.928,27.964,1881,MEX
UMII,30.36,55.133,1853,BLR
UMOO,30.1,53.954,1813,BLR
YMHB,147.503,-42.834,1781,AUS
YPTN,132.383,-14.523,1775,AUS
YPDN,130.893,-12.424,1742,AUS
RPMR,125.096,6.058,1698,PHL
WAKK,140.417,-8.52,1664,IDN
WIHH,106.891,-6.267,1519,IDN
LTAL,33.792,41.305,1475,TUR
YBWW,151.793,-27.558,1470,AUS
EEKA,22.831,58.991,1467,EST
YSSY,151.173,-33.946,1460,AUS
LTCM,35.072,42.019,1452,TUR
MMTM,-97.863,22.29,1419,MEX
YWLM,151.836,-32.794,1331,AUS
YPGV,136.82,-12.274,1307,AUS
YSRI,150.777,-33.601,1247,AUS
MSSA,-89.549,13.982,939,SLV
CYKQ,-78.752,51.476,728,CAN
YCIN,123.831,-17.574,727,AUS
YSDU,148.575,-32.221,669,AUS
YSTW,150.847,-31.084,601,AUS
YMLT,147.213,-41.544,575,AUS
YSCB,149.2,-35.309,512,AUS
MBGT,-71.146,21.443,479,TCA
YPEA,116.019,-31.667,469,AUS
YMAV,144.478,-38.029,427,AUS
CWWU,-52.98,47.516,397,CAN
CWEB,-126.543,49.383,361,CAN
YPKG,121.453,-30.785,225,AUS
RJKN,128.883,27.833,205,JPN
YPPD,118.632,-20.372,174,AUS
YPLM,114.097,-22.241,91,AUS
YGEL,114.699,-28.805,29,AUS
